LocusId	TR Location (hg38, 1-based)       NOTE: IGV is also 1-based	Ref Bp (hg38)	TR Location (hg37, 1-based)       NOTE: IGV is also 1-based	Ref Bp (hg19)	Num Repeats	RU	RU length	Pathogenic Motif	Notes	Gene	ID year	Gene Region	InheritanceMode	GeneId	Mechanisms	ID method	DiseaseSymbol	Disease	DiseaseNotes	In EHv4 Variant Catalog?	In Stranger Variant Catalog?	In STRipy Variant Catalog?	gnomAD Release	Prevalence [Ibanez 2020]	NormalMax	NormalMax (backup 10/8/2021)	NormalMax gnomAD	NormalMax (STRanger)	NormalMax (Ibanez 2020)	NormalMax (Sanden 2021)	NormalMax (STRipy)	NormalMax (Depienne 2021)		PathogenicMin	PathogenicMin (backup 10/8/2021)	PathogenicMin (STRanger)	PathogenicMin (Ibanez 2020)	PathogenicMin (Sanden 2021)	PathogenicMin (Katherine Smith (AstraZeneca ASHG 20221))	PathogenicMin gnomAD	PathogenicMin (STRipy)	PathogenicMin (Depienne 2021)	IntermediateRange (STRipy)	MultipleNormalThresholds (STRipy)	MultiplePathogenicThresholds (STRipy)	PMID	OMIM Disease Link	OMIM Gene Link	Adjacent Repeats: Left (hg38)	LocusStructure (hg38)	Adjacent Repeats: Left (hg37)	Adjacent Repeats: Right (hg38)	LocusStructure (hg37)	Adjacent Repeats Right (hg37)	Adjacent Loci (hg38)	LocusStructure	Interuptions
AFF2	chrX:148500632-148500691	60	X:147582152-147582211	60	20.	GCC	3		AKA: FMR2	AFF2	1993	5'-UTR	XR	ENSG00000155966		K, L	FRAXE	FRAXE mental retardation		TRUE	TRUE	TRUE	TRUE		25	25	25			25	25	39		200	200			200		200	200	200				30503517	http://omim.org/entry/309548	http://omim.org/entry/300806	(GCC)*CCGGCT(GCCGC)*	chrX:148500698-148500712-GCCGC		chrX:148500698-148500712-GCCGC	(GCC)*CCGGCT(GCCGC)*	X:147582218-147582232-GCCGC		(GCC|T)*	SNPs only
AR	chrX:67545317-67545385	69	X:66765159-66765227	69	23.	GCA	3			AR	1991	coding: polyglutamine	XR	ENSG00000169083	RNA?	L, CGA	SBMA	Spinal and bulbar muscular atrophy		TRUE	TRUE	TRUE	TRUE	2.00E-05	35	35	35	34	34	26	35	36		40	38		48	40	40	40	40	38				29398703	http://omim.org/entry/313200	http://omim.org/entry/313700	(TGC)*(GCA)*		X:66765149-66765158-TGC		(TGC)*(GCA)*			(CAG)*(CTG)*	exact repeat
ARX_1	chrX:25013650-25013697	48	X:25031767-25031814	48	16.	NGC	3			ARX		coding: polyalanine	XR	ENSG00000004848			DEE1; MRXARX	Developmental and epileptic encephalopathy-1; X-linked mental retardation with or without seizures	;		TRUE	TRUE	TRUE		16	16	16; 16			12	16; 16	16		18	18			13		23; 18	23; 18	23			18, 23	29946432	http://omim.org/entry/308350; http://omim.org/entry/300419	http://omim.org/entry/308350	(GGC)*				(GGC)*			(GCG)*(CGC)*	SNPs only
ARX_2	chrX:25013530-25013565	36	X:25031647-25031682	36	12.	NGC	3			ARX		coding: polyalanine	XR	ENSG00000004848			DEE1; PRTS; MRXARX	Developmental and epileptic encephalopathy-1; Partington syndrome; X-linked mental retardation with or without seizures	;;		TRUE	TRUE	TRUE		12	12	12; 12; 12				12; 12; 12	12		20	20					20; 20; 23	20; 20; 23	20			20, 23		http://omim.org/entry/308350; http://omim.org/entry/309510; http://omim.org/entry/300419		(GGC)*				(GGC)*			(NGC)*	SNPs only
ATN1	chr12:6936717-6936773	57	12:7045880-7045936	57	19.	CAG	3			ATN1	1994	coding: polyglutamine	AD	ENSG00000111676	RNA?	L, ExScr	DRPLA	Dentatorubral-pallidoluysian atrophy		TRUE	TRUE	TRUE	TRUE	1.00E-05	23	35	23	35	35	35	23	35		49	48	48	48	48	48	49	49	48				29398703	http://omim.org/entry/125370	http://omim.org/entry/607462	(CAG)*				(CAG)*			(CAG)*(CTG)*	exact repeat
ATXN1	chr6:16327634-16327723	90	6:16327865-16327954	90	30.	TGC	3			ATXN1	1993	coding: polyglutamine	AD	ENSG00000124788	RNA?	L, ExScr	SCA1	Spinocerebellar ataxia 1		TRUE	TRUE	TRUE	TRUE	2.00E-05	32	38	32	35	35	38	32	38		39	39	45	44	45	44	39	39	39	36-38			29398703	http://omim.org/entry/164400	http://omim.org/entry/601556	(CTG)*				(CTG)*			(CAG)*(CTG)*	SNPs only
ATXN10	chr22:45795355-45795424	70	22:46191235-46191304	70	14.	ATTCT	5			ATXN10	2000	intron	AD	ENSG00000130638		L, ExScr	SCA10	Spinocerebellar ataxia 10		TRUE	TRUE	TRUE	TRUE		29	32	29			32	29	32		800	280	800		850		800	800	280	30-799			29398703	http://omim.org/entry/603516	http://omim.org/entry/611150	(ATTCT)*				(ATTCT)*			(AATCT)* (AGATT)*	SNPs only
ATXN2	chr12:111598950-111599018	69	12:112036755-112036823	69	23.	GCT	3			ATXN2	1996	coding: polyglutamine	AD	ENSG00000204842	RNA?	L, cl	SCA2	Spinocerebellar ataxia 2		TRUE	TRUE	TRUE	TRUE	2.00E-05	31	31	31		31	31	31	31		35	32	37	33	35	33	35	35	32	32-34			29398703	http://omim.org/entry/183090	http://omim.org/entry/601517	(GGC)*(CTG)*		12:112036747-112036754-GGC		(GGC)*(CTG)*			(CAG)*(CTG)*	SNPs only
ATXN3	chr14:92071010-92071042	33	14:92537354-92537386	33	11.	GCT	3			ATXN3	1994	coding: polyglutamine	AD	ENSG00000066427	RNA	L, cl	SCA3	Spinocerebellar ataxia 3		TRUE	TRUE	TRUE	TRUE	1.00E-05	44	44	44		43	44	44	44		56	55	60	60	61	60	56	56	55	45-55			29398703	http://omim.org/entry/109150	http://omim.org/entry/607047	(CTG)*				(CTG)*			(CAG)*	exact repeat
ATXN7	chr3:63912685-63912714	30	3:63898361-63898390	30	10.	GCA	3			ATXN7	1996	coding: polyglutamine	AD	ENSG00000163635	RNA?	L, cl	SCA7	Spinocerebellar ataxia 7		TRUE	TRUE	TRUE	TRUE	1.00E-05	35	33	33	19	17	19	35	33		36	36		36	36	36	37	36	37	34-36			29398703	http://omim.org/entry/164500	http://omim.org/entry/607640	(GCA)*(CGC)*AGCCC(CAG)*C(CCG)*	chr3:63912717-63912728-CGC, chr3:63912734-63912747-CAG, chr3:63912749-63912762-CCG		chr3:63912717-63912728-CGC, chr3:63912734-63912747-CAG, chr3:63912749-63912762-CCG	(GCA)*(CGC)*	3:63898393-63898399-CGC		(CAG)*(CTG)*	exact repeat
ATXN8OS	chr13:70139384-70139428	45	13:70713516-70713560	45	15.	CTG	3			ATXN8	1999	3'-UTR	AD	ENSG00000230223		L, cl	SCA8	Spinocerebellar ataxia 8		TRUE	TRUE	TRUE	TRUE		37	50	37				37	50		80	75	80				80	80	75	38-79			29398703	http://omim.org/entry/608768		(TAC)*(CTG)*CATTTTTTAAAA(AT)*	chr13:70139441-70139446-AT	13:70713484-70713515-TAC	chr13:70139441-70139446-AT	(TAC)*(CTG)*CATTTTTTAAAA(AT)*	13:70713573-70713578-AT		(CTG)*(CAG)*	exact repeat
BEAN1	chr16:66490399-66490453	55	16:66524302-66524356	55	11.	TAAAA	5	TGGAA  (+TAGAA)		BEAN1	2009	intron	AD	ENSG00000166546		L	SCA31	Spinocerebellar ataxia 31			TRUE	TRUE	TRUE					10						500	110	40				500	500	110				19878914	http://omim.org/entry/117210		(TAAAA)*				(TAAAA)*			TAAAA/TGGAA	
C9ORF72	chr9:27573529-27573546	18	9:27573527-27573544	18	3.	GGCCCC	6			C9orf72	2011	intron	AD	ENSG00000147894		L, WGS	FTDALS1	Amyotrophic lateral sclerosis and/or frontotemporal dementia		TRUE	TRUE	TRUE	TRUE	1.00E-05	23	19	23	25	30	19	23	25		31	31	40	60	250		31	31	31				29398703	http://omim.org/entry/105550	http://omim.org/entry/105550	(GGCCCC)*				(GGCCCC)*			(GGGGCC)*(GGCCCC)*	exact repeat
CACNA1A	chr19:13207859-13207897	39	19:13318673-13318711	39	13.	CTG	3			CACNA1A	1997	coding: polyglutamine	AD	ENSG00000141837	RNA?	L, ExScr	SCA6	Spinocerebellar ataxia 6		TRUE	TRUE	TRUE	TRUE	1.50E-05	18	18	18		17	18	18	18		21	20		20	20	20	21	21	20	19-19			29398703	http://omim.org/entry/183086	http://omim.org/entry/601011	(CTG)*				(CTG)*			(CAG)*(CTG)*	exact repeat
CNBP	chr3:129172577-129172656	80	3:128891420-128891499	80	20.	CAGG	4		AKA: ZNF9	CNBP	2001	intron	AD	ENSG00000169714		L, ExScr	DM2	Myotonic dystrophy 2		TRUE	TRUE	TRUE	TRUE		29	29	54	30		26	29	30		55	51	75		75		55	55	51				29398703	http://omim.org/entry/602668	http://omim.org/entry/116955	(CAGG)*(CAGA)*(CA)*	chr3:129172657-129172698-CAGA, chr3:129172699-129172733-CA		chr3:129172657-129172698-CAGA, chr3:129172699-129172733-CA	(CAGG)*(CAGA)*(CA)*	3:128891500-128891541-CAGA, 3:128891542-128891576-CA		(CCTG)*(CAGG)*	SNPS only
COMP	chr19:18786035-18786049	15	19:18896845-18896859	15	5.	GTC	3			COMP		coding: poly-aspartic-acid	AD	ENSG00000105664			EDM1; PSACH	Multiple epiphyseal dysplasia; Pseudoachondroplasia	; 5 repeats are normal. Contractions to 4 repeats are pathogenic.			TRUE	TRUE		5	5	;				5; 5			6	6					6; 7	6; 7				6, 7	9887340	http://omim.org/entry/132400; http://omim.org/entry/177170	http://omim.org/entry/600310	(GTC)*				(GTC)*			(GAC)*(GTC)*	SNPs only
CSTB	chr21:43776444-43776479	36	21:45196325-45196360	36	3.	CGCGGGGCGGGG	12			CSTB	1997	promoter	AR	ENSG00000160213		L, cl, exp	EPM1	Epilepsy Progressive Myoclonic		TRUE	TRUE		TRUE		3	3				3		3		30	30			61		30		30				9012407	http://omim.org/entry/254800	http://omim.org/entry/601145	(CGCGGGGCGGGG)*				(CGCGGGGCGGGG)*			(CCCCGCCCCGCG)*	exact repeat
DAB1	chr1:57367044-57367118	75	1:57832716-57832790	75	15.	AAAAT	5	ATTTC		DAB1	2017	intron	AD	ENSG00000173406		L, ExScr	SCA37	Spinocerebellar ataxia 37			TRUE	TRUE	TRUE			30								31	31					31	31	31				28686858	http://omim.org/entry/615945		(AAAAT)*				(AAAAT)*			AAAAT/ATTTT/ATTTC	
DIP2B	chr12:50505002-50505022	21	12:50898785-50898805	21	7.	GGC	3			DIP2B		5'-UTR	AD	ENSG00000066084			MRFRA12A	Mental retardation, FRA12A type		TRUE	TRUE	TRUE	TRUE		23	23	23	24			23			150	150	270				150	150					17236128	http://omim.org/entry/136630	http://omim.org/entry/611379	(GGC)*				(GGC)*			(CGG)*	exact repeat
DMD	chrX:31284558-31284605	48	X:31302675-31302722	48	16.	TTC	3			DMD		intron	XR	ENSG00000198947			DMD	Duchenne muscular dystrophy				TRUE	TRUE		33	33	33				33			59	59					59	59						http://omim.org/entry/310200		(TTC)*(T)*	chrX:31284606-31284613-T		chrX:31284606-31284613-T	(TTC)*			(TTC)*	
DMPK	chr19:45770205-45770264	60	19:46273463-46273522	60	20.	CAG	3			DMPK	1992	3'-UTR	AD	ENSG00000104936		L, cl	DM1	Myotonic dystrophy 1		TRUE	TRUE	TRUE	TRUE	2.00E-04	34	34	34	34		35	34	37		50	50		50	50	50	50	50	51	35-49			29398703	http://omim.org/entry/160900	http://omim.org/entry/605377	(GAAA)*TGGTCTGTGATCCCCC(CAG)*		19:46273435-46273446-GAAA		(GAAA)*TGGTCTGTGATCCCCC(CAG)*			(CTG)*(CAG)*	exact repeat
EIF4A3	chr17:80147060-80147139	80	17:78120859-78120938	80	4.	CCTCGCTGTGCCGCTGCCGA	20			EIF4A3		5'-UTR	AR	ENSG00000141543			RCPS	Richieri-Costa-Pereira syndrome			TRUE		TRUE		12	12				12				14	14			14		14							https://omim.org/entry/268305		(CCTCGCTGTGCCGCTGCCGA)*CCTCGC(TGCCGCTGCCGACCTCGCTG)*	chr17:80147048-80147139-TGCCGCTGCCGACCTCGCTG		chr17:80147048-80147139-TGCCGCTGCCGACCTCGCTG	(CCTCGCTGTGCCGCTGCCGA)*CCTCGC(TGCCGCTGCCGACCTCGCTG)*	17:78120847-78120938-TGCCGCTGCCGACCTCGCTG		(CCTCGCTGCGCCGCTGCCGA)*(CCTCGCTGTGCCGCTGCCGA)*	
FMR1	chrX:147912051-147912110	60	X:146993569-146993628	60	20.	CGG	3			FMR1	1991	5'-UTR	XD	ENSG00000102081		K, FS, L, Me, cl	FXTAS; FXS	Fragile X tremor/ataxia syndrome; Fragile X Syndrome	;	TRUE	TRUE	TRUE	TRUE	1.43E-04	40	40	40; 40	50	55	44	40; 40	50		55	55		200	200	200	55; 201	55; 201	201	41-54		201, 55	29398703	http://omim.org/entry/300623; http://omim.org/entry/300624	http://omim.org/entry/309550	(CGG)*				(CGG)*			(CGG)*(CCG)*	SNPs only
FOXL2	chr3:138946021-138946062	42	3:138664863-138664904	42	14.	NGC	3			FOXL2	2001	coding: polyalanine	AD	ENSG00000183770	RNA?	L, CGA	BPES	Blepharophimosis, ptosis, and epicanthus inversus syndrome			TRUE	TRUE	TRUE		14	14	14				14	14		19	19	15				19	19	19				12529855	http://omim.org/entry/110100	http://omim.org/entry/605597	(CGC)*				(CGC)*			(GCG)*(CGC)*	SNPs only
FXN	chr9:69037287-69037304	18	9:71652203-71652220	18	6.	GAA	3			FXN	1996	intron	AR	ENSG00000165060		L, ExScr	FRDA	Friedreich ataxia		TRUE	TRUE	TRUE	TRUE	4.00E-05	30	30	30	35	44	33	30	34		70	66	51	66	66	66	70	70	66				29398703	http://omim.org/entry/229300	http://omim.org/entry/606829	(A)*(GAA)*				(GAA)*			(GAA)*(TTC)*	exact repeat
GIPC1	chr19:14496042-14496074	33	19:14606854-14606886	33	11.	CCG	3			GIPC1	2020	5'-UTR	AD	ENSG00000123159	unknown	L, WGS, LRS	OPDM2	Oculopharyngodistal myopathy 2			TRUE	TRUE	TRUE		32	32	32				32	32		73	73					73	73	97					http://omim.org/entry/618940	http://omim.org/entry/605072	(CGC)*				(CGC)*				
GLS	chr2:190880873-190880920	48	2:191745599-191745646	48	16.	GCA	3			GLS	2019	5'-UTR	AR	ENSG00000115419	EGS	CGA	GD	Glutaminase deficiency with impaired intellectual development and progressive ataxia		TRUE	TRUE	TRUE	TRUE		26	16	26				26	16		680	680	90				680	680	680				30970188	http://omim.org/entry/618412		(GCA)*				(GCA)*				exact repeat
HOXA13_1	chr7:27199925-27199966	42	7:27239544-27239585	42	14.	NGC	3			HOXA13	2000	coding: polyalanine	AD	ENSG00000106031	RNA?	L, CGA	HFG	Hand-foot-genital syndrome			TRUE	TRUE	TRUE		14	14	14				14	14		22	22					22	22	22				10839976	http://omim.org/entry/140000	http://omim.org/entry/142959	(CGC)*				(CGC)*			(GCG)*(CGC)*	SNPs only
HOXA13_2	chr7:27199826-27199861	36	7:27239445-27239480	36	12.	NGC	3			HOXA13	2000	coding: polyalanine	AD	ENSG00000106031	RNA?	L, CGA	HFG	Hand-foot-genital syndrome			TRUE	TRUE	TRUE		12	12	12				12	12		18	18					18	18	18					http://omim.org/entry/140000										
HOXA13_3	chr7:27199679-27199732	54	7:27239298-27239351	54	18.	NGC	3			HOXA13	2000	coding: polyalanine	AD	ENSG00000106031	RNA?	L, CGA	HFG	Hand-foot-genital syndrome			TRUE	TRUE	TRUE		18	18	18				18	18		24	24					24	24	24					http://omim.org/entry/140000										
HOXD13	chr2:176093059-176093103	45	2:176957787-176957831	45	15.	GCG	3			HOXD13	1996	coding: polyalanine	AD	ENSG00000128714	RNA?	L, CGA	SPD	Synpolydactyly			TRUE	TRUE	TRUE		15	15	15				15	15		22	22					22	22	24				20974300	http://omim.org/entry/186300	http://omim.org/entry/142989	(GCG)*				(GCG)*			(GCG)*(CGC)*	SNPs only
HTT	chr4:3074877-3074933	57	4:3076604-3076660	57	19.	CAG	3			HTT	1993	coding: polyglutamine	AD	ENSG00000197386	RNA?	L, ExScr	HD	Huntington's disease		TRUE	TRUE	TRUE	TRUE	1.00E-04	26	35	26	26	35	26	26	35		36	36		40	36	40	36	36	36	27-35			29398703	http://omim.org/entry/143100	http://omim.org/entry/613004	(CAG)*CAACA(GCC)*	chr4:3074939-3074968-GCC		chr4:3074939-3074968-GCC	(CAG)*CAACAGCCGCCA(CCG)*TCCTCAGCTTCCTCA(GCC)*	4:3076673-3076695-CCG, 4:3076711-3076721-GCC		(CAG)*(CTG)*	exact repeat
JPH3	chr16:87604288-87604329	42	16:87637894-87637935	42	14.	CTG	3			JPH3	2001	coding: polyglutamine	AD	ENSG00000154118	RNA?	L, RED	HDL2	Huntington disease-like 2		TRUE	TRUE	TRUE	TRUE		27	28	27			28	27	28		41	41	40		40		41	41	41				29398703	http://omim.org/entry/606438	http://omim.org/entry/605268	(CTG)*				(CTG)*			(CAG)*(CTG)*	exact repeat
NUTM2B-AS1	chr10:79826384-79826404	21	10:81586140-81586160	21	7.	GGC	3			LOC642361	2019	non-coding RNA	AD	ENSG00000272447	RAN (polyG)?	TRhist	OPML1	Oculopharyngeal myopathy with leukoencephalopathy 1				TRUE	TRUE		16	16	16				16	16		700	40					700	700	40				31332380	http://omim.org/entry/618637	https://omim.org/entry/618639	(GGA)*AGCGGCGG(GGC)*		10:81586123-81586131-GGA		(GGA)*AGCGGCGG(GGC)*				exact repeat
LRP12	chr8:104588971-104588997	27	8:105601199-105601225	27	9.	CGC	3			LRP12	2019	5'-UTR	AD	ENSG00000147650	RAN (polyG)?	TRhist	OPDM1	Oculopharyngodistal myopathy 1			TRUE	TRUE	TRUE		45	45	45				45	45		93	90					93	93	90				31332380	http://omim.org/entry/164310	http://omim.org/entry/618299	(CGC)*				(CGC)*				exact repeat
MARCHF6	chr5:10356347-10356411	65	5:10356459-10356523	65	13.	ATTTT	5	ATTTC		MARCHF6	2019	intron	AD	ENSG00000145495	RNA?	L, ExScr	FAME3	Familial adult myoclonic epilepsy 3				TRUE	TRUE			30						30		668	660					668	668	660				31664039	http://omim.org/entry/613608		(ATTTT)*				(ATTTT)*			TTTTA/TTTCA	
NIPA1	chr15:22786678-22786701	24	15:23086366-23086389	24	8.	GCG	3		NIPA1 strand is reversed on hg19 vs. hg38	NIPA1		coding: polyalanine	AD	ENSG00000170113			ALS	Amyotrophic lateral sclerosis		TRUE	TRUE	TRUE	TRUE		10	8	10				10			11	11					11	11						http://omim.org/entry/105400		(GCG)*				(CCG)*				
NOP56	chr20:2652734-2652757	24	20:2633380-2633403	24	4.	GGCCTG	6			NOP56	2011	intron	AD	ENSG00000101361		L, ExScr	SCA36	Spinocerebellar ataxia 36		TRUE	TRUE	TRUE	TRUE		14	14	14				14	14		650	25					650	650	650				30503517	http://omim.org/entry/614153	http://omim.org/entry/614154	(GGGCCT)*				(GGGCCT)*			(GGGCCT)*(GCCCCT)*	SNPs only
NOTCH2NLC	chr1:149390803-149390841	39			13.	GGC	3			NOTCH2NLC	2019	coding: polyglycine	AD	ENSG00000286219	Me/GS, RAN (polyG)?	TRhist, L, WGS	NIID; ETM6	Neuronal intranuclear inclusion disease; Hereditary essential tremor type 6	;	TRUE	TRUE	TRUE	TRUE		39	39	39; 41	38		14	39; 41	60		60	60	66		670		90; 60	90; 60	61		41, 39	90, 60		http://omim.org/entry/603472; http://omim.org/entry/618866		(GGC)*							((GGA)*(GGC)*)*	not exact repeat in official catalog - has a few SNPs
PABPN1	chr14:23321473-23321490	18	14:23790682-23790699	18	6.	GCG	3			PABPN1	1998	coding: polyalanine	AD	ENSG00000100836	RNA?	L, ExScr	OPMD	Oculopharyngeal muscular dystrophy		TRUE	TRUE	TRUE	TRUE		6	6	6				6	10		7	7					7	7	12				9462747	http://omim.org/entry/164300	http://omim.org/entry/602279	(GCG)*(GCA)*	chr14:23321491-23321501-GCA		chr14:23321491-23321501-GCA	(GCG)*(GCA)*	14:23790700-23790710-GCA		(GCG)*(CGC)*	SNPs only
PHOX2B	chr4:41745973-41746032	60	4:41747990-41748049	60	20.	GCN	3			PHOX2B	2003	coding: polyalanine	AD	ENSG00000109132	RNA?	L, CGA	CCHS	Central hypoventilation syndrome		TRUE	TRUE	TRUE	TRUE		20	20	20				20	20		24	24					24	24	25				12640453	http://omim.org/entry/209880	http://omim.org/entry/603851	(GCT)*				(GCT)*			(GCN)*	SNPs only
PPP2R2B	chr5:146878728-146878757	30	5:146258291-146258320	30	10.	GCT	3			PPP2R2B	1999	coding: polyserine	AD	ENSG00000156475		L, RED	SCA12	Spinocerebellar ataxia 12		TRUE	TRUE	TRUE	TRUE		31	31	31	32		32	31	32		51	43	51		51		51	51	43				29398703	http://omim.org/entry/604326	http://omim.org/entry/604325	(GCT)*				(GCT)*			(CAG)*(CTG)*	exact repeat
PRDM12	chr9:130681607-130681639	33	9:133556994-133557026	33	11.	GCC	3			PRDM12		coding: polyalanine	AR	ENSG00000130711			HSAN8	Hereditary sensory and autonomic neuropathy type VIII				TRUE	TRUE		14	14	14				14			18	18					18	18						http://omim.org/entry/616488		(GCC)*				(GCC)*			(GCC)*	
PRNP	chr20:4699380-4699493	114	20:4680026-4680139	114	4.8	CCTCATGGTGGTGGCTGGGGGCAG	24			PRNP		coding: other	AD	ENSG00000171867			CJD	Creutzfeldt-Jakob disease		 			TRUE		4	4	4							5	5					5						20301407	http://omim.org/entry/123400	http://omim.org/entry/176640	(GGTGGTGGCTGGGGGCAGCCTCAT)*				(GGTGGTGGCTGGGGGCAGCCTCAT)*			(GGTGGTGGCTGGGGGCAGCCTCAT)*	
RAPGEF2	chr4:159342527-159342616	90	4:160263679-160263768	90	18.	TTTTA	5	ATTTC		RAPGEF2	2018	intron	AD	ENSG00000109756		TRhist	FAME7	Familial adult myoclonic epilepsy 7			TRUE	TRUE	TRUE					1						60	60	10				60	60					29507423	http://omim.org/entry/618075		(TTTTA)*				(TTTTA)*			TTTTA/TTTCA/TTTTA	
RFC1	chr4:39348425-39348479	55	4:39350045-39350099	55	11.	AAAAG	5	AAGGG		RFC1	2019	intron	AR	ENSG00000035928	unknown	L, WGS	CANVAS	Cerebellar ataxia, neuropathy, and vestibular areflexia syndrome		TRUE	TRUE	TRUE	TRUE					11						400	400	12		400		400	400	400				30926972	http://omim.org/entry/614575		(AAAAG)*				(AAAAG)*			AAAAG/AAGGG	
RUNX2	chr6:45422751-45422792	42	6:45390488-45390529	42	14.	GCN	3			RUNX2	1997	coding: polyalanine	AD	ENSG00000124813	RNA?	L, CGA	CCD	Cleidocranial dysplasia			TRUE	TRUE	TRUE		17	17	17				17	17		27	27	20				27	27	27				9182765	http://omim.org/entry/119600	http://omim.org/entry/600211	(CAG)*GAG(GCG)*				(GCG)*			(GCG)*	SNPs only
SAMD12	chr8:118366816-118366880	65	8:119379055-119379119	65	13.	TAAAA	5	ATTTC		SAMD12	2018	intron	AD	ENSG00000177570		L, ExScr	FAME1	Familial adult myoclonic epilepsy 1			TRUE	TRUE	TRUE			99		1						100	440	10				100	100	440				29507423	http://omim.org/entry/601068		(TAAAA)*				(TAAAA)*			TGAAA/TAAAA	
SOX3	chrX:140504317-140504361	45	X:139586482-139586526	45	15.	NGC	3			SOX3	2002	coding: polyalanine	XR	ENSG00000134595	RNA?	L, CGA	XLMR; PHPX	X-linked mental retardation with isolated growth hormone; X-linked panhypopituitarism	;		TRUE	TRUE	TRUE		15	15	15; 15				15; 15	15		22	22					26; 22	26; 22	26			26, 22	12428212	http://omim.org/entry/300123; http://omim.org/entry/312000	http://omim.org/entry/313430	(GGC)*				(GGC)*			(NGC)*	SNPs only
STARD7	chr2:96197067-96197121	55	2:96862805-96862859	55	11.	AAAAT	5	ATTTC		STARD7	2019	intron	AD	ENSG00000084090	RNA?	L, ExScr	FAME2	Familial adult myoclonic epilepsy 2				TRUE	TRUE			20						20		274	274					274	274	661				31664034	http://omim.org/entry/607876		(AAAAT)*				(AAAAT)*			TGAAA/TAAAA	
TBP	chr6:170561907-170562017	111	6:170870995-170871105	111	37.	GCA	3			TBP	1999	coding: polyglutamine	AD	ENSG00000112592	RNA?	L, CGA	SCA17	Spinocerebellar ataxia 17		TRUE	TRUE	TRUE	TRUE	1.00E-05	42	40	42	40	41	42	42	40		43	43	49	49	49		43	43	43				29398703	http://omim.org/entry/607136	http://omim.org/entry/600075	(GCA)*				(GCA)*			(CAG)*(CTG)*	SNPs only
TBX1	chr22:19766763-19766807	45	22:19754286-19754330	45	15.	GCN	3			TBX1		coding: polyalanine	AD	ENSG00000184058			TOF	Tetralogy of Fallot			TRUE	TRUE	TRUE		15	15	15				15			25	25					25	25						http://omim.org/entry/187500		(CAC)*CCGTGAGTCCA(GCC)*		22:19754259-19754274-CAC		(CAC)*CCGTGAGTCCA(GCC)*			(GCN)*	SNPs only
TCF4	chr18:55586156-55586227	72	18:53253387-53253458	72	24.	CAG	3			TCF4	2015	intron	AD	ENSG00000196628		L, GWAS	FECD3	Fuchs endothelial corneal dystrophy-3		TRUE	TRUE	TRUE	TRUE		31	31	31	39		40	31	31		50	50	100		51		50	50	51				28832669	http://omim.org/entry/613267	http://omim.org/entry/602272	(GAG)*(CAG)*		18:53253348-53253365-GAG, 18:53253367-53253386-AGG		(GAG)*A(AGG)*(CAG)*			(CTG)*(CAG)*	exact repeat
TNRC6A	chr16:24613440-24613529	90	16:24624761-24624850	90	18.	TTTTA	5	ATTTC		TNRC6A	2018	intron	AD	ENSG00000090905		TRhist	FAME6	Familial adult myoclonic epilepsy 6			TRUE	TRUE	TRUE											1100	1100					1100	1100					29507423	http://omim.org/entry/618074		(TTTTA)*				(TTTTA)*			TTTTA/TTTCA/TTTTA	
VWA1	chr1:1435799-1435818	20	1:1371179-1371198	20	2.	GGCGCGGAGC	10			VWA1		coding: other	AR	ENSG00000179403			HMN	Hereditary motor neuropathy					TRUE		2	2	2							3	3					3						33559681	https://omim.org/entry/619216	https://omim.org/entry/611901	(GGCGCGGAGC)*				(GGCGCGGAGC)*			(GGCGCGGAGC)*	
XYLT1	chr16:17470908-17470922	15	16:17564765-17564779	15	5.	GCC	3			XYLT1	2019	5'-UTR	AR	ENSG00000103489		ADO, Me	DBQD2	Desbuquois dysplasia-2			TRUE	TRUE	TRUE		20	20	20				20	20		110	120	70				110	110	120				30554721	http://omim.org/entry/615777		(GCC)*				(GCC)*				exact repeat
YEATS2	chr3:183712188-183712222	35	3:183429976-183430010	35	7.	TTTTA	5	ATTTC		YEATS2	2019	intron	AD	ENSG00000163872	RNA?	L, ExScr	FAME4	Familial adult myoclonic epilepsy 4				TRUE	TRUE			400						400		1000	1000					1000	1000					31539032	http://omim.org/entry/615127		(TTTTA)*				(TTTTA)*			TTTTA/TTTCA	
ZIC2	chr13:99985449-99985493	45	13:100637703-100637747	45	15.	GCN	3			ZIC2	2001	coding: polyalanine	AD	ENSG00000043355	RNA?	L, CGA	HPE5	Holoprosencephaly 5			TRUE	TRUE	TRUE		15	15	15				15	15		25	25					25	25	25				11285244	http://omim.org/entry/609637	http://omim.org/entry/603073	(GCG)*				(GCG)*			(GCG)*(CGC)*	SNPs only
ZIC3	chrX:137566827-137566856	30	X:136648986-136649015	30	10.	GCN	3			ZIC3		coding: polyalanine	XR	ENSG00000156925			VACTERLX	X-linked VACTERL syndrome			TRUE	TRUE	TRUE		10	10	10				10			12	12					12	12						http://omim.org/entry/314390		(GCC)*				(GCC)*			(GCN)*	SNPs only